{
    "accuracy": 0.9936085219707057,
    "recall": 0.9930024620966696,
    "f1_score": 0.9930024620966696,
    "final_train_loss": 0.01616354951077677,
    "final_val_loss": 0.02901946048727307
}