{
  "RF_Pure_URL": {
    "holdout": {
      "accuracy": 0.9374506486181613,
      "precision": 0.9029048306852833,
      "recall": 0.9177814029363784,
      "f1_score": 0.9102823396165359,
      "true_positive": 5626,
      "true_negative": 10995,
      "false_positive": 605,
      "false_negative": 504,
      "total_errors": 1109,
      "error_rate": 0.06254935138183869,
      "roc_auc": 0.979872335039658
    },
    "dataset": "dataset_full (hold-out 20%)",
    "external": {
      "accuracy": 0.8093439363817098,
      "precision": 0.9934065934065934,
      "recall": 0.8136,
      "f1_score": 0.8945574491478835,
      "true_positive": 4068,
      "true_negative": 3,
      "false_positive": 27,
      "false_negative": 932,
      "total_errors": 959,
      "error_rate": 0.19065606361829027,
      "roc_auc": 0.6900366666666666
    }
  },
  "XGBoost_Pure_URL": {
    "holdout": {
      "accuracy": 0.95053581500282,
      "precision": 0.9492047203694202,
      "recall": 0.9053833605220228,
      "f1_score": 0.926776321282458,
      "true_positive": 5550,
      "true_negative": 11303,
      "false_positive": 297,
      "false_negative": 580,
      "total_errors": 877,
      "error_rate": 0.04946418499717992,
      "roc_auc": 0.9867483405523991
    },
    "dataset": "dataset_full (hold-out 20%)",
    "external": {
      "accuracy": 0.9662027833001988,
      "precision": 0.9971181556195965,
      "recall": 0.9688,
      "f1_score": 0.9827551227429498,
      "true_positive": 4844,
      "true_negative": 16,
      "false_positive": 14,
      "false_negative": 156,
      "total_errors": 170,
      "error_rate": 0.033797216699801194,
      "roc_auc": 0.9327533333333333
    }
  },
  "RF_Hybrid": {
    "holdout": {
      "accuracy": 0.99919421531415,
      "precision": 0.9988130123520902,
      "recall": 0.9997772249656555,
      "f1_score": 0.9992948860684332,
      "true_positive": 26927,
      "true_negative": 20194,
      "false_positive": 32,
      "false_negative": 6,
      "total_errors": 38,
      "error_rate": 0.0008057846858499968,
      "roc_auc": 0.9999929324970975
    },
    "dataset": "hybrid (hold-out 20%)",
    "external": {
      "accuracy": 0.25347912524850896,
      "precision": 1.0,
      "recall": 0.249,
      "f1_score": 0.3987189751801441,
      "true_positive": 1245,
      "true_negative": 30,
      "false_positive": 0,
      "false_negative": 3755,
      "total_errors": 3755,
      "error_rate": 0.7465208747514911,
      "roc_auc": 0.46379666666666663
    }
  },
  "DL_CNN_BiLSTM": {
    "holdout": {
      "accuracy": 0.9936085219707057,
      "precision": 0.9930024620966696,
      "recall": 0.9930024620966696,
      "f1_score": 0.9930024620966696,
      "true_positive": 15326,
      "true_negative": 18253,
      "false_positive": 108,
      "false_negative": 108,
      "total_errors": 216,
      "error_rate": 0.006391478029294274,
      "roc_auc": 0.9986320701029516
    },
    "dataset": "dl_dataset (test_processed)",
    "external": {
      "accuracy": 0.9761431411530815,
      "precision": 0.9991816693944353,
      "recall": 0.9768,
      "f1_score": 0.9878640776699029,
      "true_positive": 4884,
      "true_negative": 26,
      "false_positive": 4,
      "false_negative": 116,
      "total_errors": 120,
      "error_rate": 0.02385685884691849,
      "roc_auc": 0.9750733333333335
    }
  }
}